<?xml version="1.0" encoding="UTF-8"?>
<project-private xmlns="http://www.netbeans.org/ns/project-private/1">
    <editor-bookmarks xmlns="http://www.netbeans.org/ns/editor-bookmarks/2" lastBookmarkId="0"/>
    <open-files xmlns="http://www.netbeans.org/ns/projectui-open-files/2">
        <group>
            <file>file:/C:/Users/betic/Documents/URL/8vo%20Ciclo/Compiladores2018-master/src/analizador/interfaz.java</file>
            <file>file:/C:/Users/betic/Documents/URL/8vo%20Ciclo/Compiladores2018-master/src/analizador/sym.java</file>
            <file>file:/C:/Users/betic/Documents/URL/8vo%20Ciclo/Compiladores2018-master/src/analizador/type.java</file>
            <file>file:/C:/Users/betic/Documents/URL/8vo%20Ciclo/Compiladores2018-master/src/analizador/AnalizadorSintactico.java</file>
            <file>file:/C:/Users/betic/Documents/URL/8vo%20Ciclo/Compiladores2018-master/src/analizador/Clase.java</file>
            <file>file:/C:/Users/betic/Documents/URL/8vo%20Ciclo/Compiladores2018-master/src/analizador/Interface.java</file>
            <file>file:/C:/Users/betic/Documents/URL/8vo%20Ciclo/Compiladores2018-master/src/analizador/Simbolo.java</file>
            <file>file:/C:/Users/betic/Documents/URL/8vo%20Ciclo/Compiladores2018-master/src/analizador/Main.java</file>
            <file>file:/C:/Users/betic/Documents/URL/8vo%20Ciclo/Compiladores2018-master/src/analizador/Funcion.java</file>
            <file>file:/C:/Users/betic/Documents/URL/8vo%20Ciclo/Compiladores2018-master/src/analizador/Variable.java</file>
            <file>file:/C:/Users/betic/Documents/URL/8vo%20Ciclo/Compiladores2018-master/src/analizador/CupFile.cup</file>
            <file>file:/C:/Users/betic/Documents/URL/8vo%20Ciclo/Compiladores2018-master/src/analizador/Token.java</file>
            <file>file:/C:/Users/betic/Documents/URL/8vo%20Ciclo/Compiladores2018-master/src/analizador/Ambiente.java</file>
        </group>
    </open-files>
</project-private>
